{
    "Particle": {
        "Name0": "aRing",
        "Name1": "bCross",
        "Name2": "cCylinder",
        "Name3": "dCircle",
        "TextureFilePath0": "gradationLine.png",
        "TextureFilePath1": "circle2.png",
        "TextureFilePath2": "gradationLine.png",
        "TextureFilePath3": "circle2.png",
        "ParticleType0": "ring",
        "ParticleType1": "plane",
        "ParticleType2": "cylinder",
        "ParticleType3": "plane",
        "RandomTransformMax0": {
            "scale": [1.0, 1.0, 1.0],
            "rotate": [0.0, 0.0, 0.0],
            "translate": [0.0, 0.0, 0.0]
        },
        "RandomTransformMax1": {
            "scale": [0.05000000074505806, 0.05000000074505806, 1.0],
            "rotate": [0.0, 0.0, 0.0],
            "translate": [0.0, 0.0, 0.0]
        },
        "RandomTransformMax2": {
            "scale": [0.05000000074505806, 3.0, 0.05000000074505806],
            "rotate": [0.0, 0.0, 6.28000020980835],
            "translate": [0.0, 0.0, 0.0]
        },
        "RandomTransformMax3": {
            "scale": [0.10000000149011612, 0.10000000149011612, 1.0],
            "rotate": [0.0, 0.0, 0.0],
            "translate": [0.0, 0.0, 0.0]
        },
        "RandomTransformMin0": {
            "scale": [1.0, 1.0, 1.0],
            "rotate": [0.0, 0.0, 0.0],
            "translate": [0.0, 0.0, 0.0]
        },
        "RandomTransformMin1": {
            "scale": [0.05000000074505806, 0.05000000074505806, 1.0],
            "rotate": [0.0, 0.0, 0.0],
            "translate": [0.0, 0.0, 0.0]
        },
        "RandomTransformMin2": {
            "scale": [0.05000000074505806, 0.5, 0.05000000074505806],
            "rotate": [0.0, 0.0, 0.0],
            "translate": [0.0, 0.0, 0.0]
        },
        "RandomTransformMin3": {
            "scale": [0.10000000149011612, 0.10000000149011612, 1.0],
            "rotate": [0.0, 0.0, 0.0],
            "translate": [0.0, 0.0, 0.0]
        },
        "RandomVelocityMax0": [0.0, 0.0, 0.0],
        "RandomVelocityMax1": [0.0, 0.0, 0.0],
        "RandomVelocityMax2": [0.0, 0.0, 0.0],
        "RandomVelocityMax3": [1.0, 1.0, 1.0],
        "RandomVelocityMin0": [0.0, 0.0, 0.0],
        "RandomVelocityMin1": [0.0, 0.0, 0.0],
        "RandomVelocityMin2": [0.0, 0.0, 0.0],
        "RandomVelocityMin3": [-1.0, -1.0, -1.0],
        "RandomColorMax0": [1.0, 1.0, 0.19607843458652496, 1.0],
        "RandomColorMax1": [1.0, 1.0, 0.3921568691730499, 1.0],
        "RandomColorMax2": [0.8941176533699036, 0.8941176533699036, 0.03921568766236305, 1.0],
        "RandomColorMax3": [1.0, 1.0, 1.0, 1.0],
        "RandomColorMin0": [1.0, 1.0, 0.19607841968536377, 1.0],
        "RandomColorMin1": [1.0, 1.0, 0.3921568691730499, 1.0],
        "RandomColorMin2": [0.8941176533699036, 0.8941176533699036, 0.03921568766236305, 1.0],
        "RandomColorMin3": [0.0, 0.0, 0.0, 1.0],
        "LifeTime0": 0.800000011920929,
        "LifeTime1": 1.0,
        "LifeTime2": 0.5,
        "LifeTime3": 0.5,
        "IsBillboard0": true,
        "IsBillboard1": true,
        "IsBillboard2": false,
        "IsBillboard3": true
    },
    "Particle_DisplayOrder": [
        "Name0",
        "TextureFilePath0",
        "ParticleType0",
        "RandomTransformMax0",
        "RandomTransformMin0",
        "RandomVelocityMax0",
        "RandomVelocityMin0",
        "RandomColorMax0",
        "RandomColorMin0",
        "LifeTime0",
        "IsBillboard0",
        "Name1",
        "TextureFilePath1",
        "ParticleType1",
        "RandomTransformMax1",
        "RandomTransformMin1",
        "RandomVelocityMax1",
        "RandomVelocityMin1",
        "RandomColorMax1",
        "RandomColorMin1",
        "LifeTime1",
        "IsBillboard1",
        "Name2",
        "TextureFilePath2",
        "ParticleType2",
        "RandomTransformMax2",
        "RandomTransformMin2",
        "RandomVelocityMax2",
        "RandomVelocityMin2",
        "RandomColorMax2",
        "RandomColorMin2",
        "LifeTime2",
        "IsBillboard2",
        "Name3",
        "TextureFilePath3",
        "ParticleType3",
        "RandomTransformMax3",
        "RandomTransformMin3",
        "RandomVelocityMax3",
        "RandomVelocityMin3",
        "RandomColorMax3",
        "RandomColorMin3",
        "LifeTime3",
        "IsBillboard3"
    ],
    "Particle_HeaderGroups": {
        "Name0": "aRing",
        "TextureFilePath0": "aRing",
        "ParticleType0": "aRing",
        "RandomTransformMax0": "aRing",
        "RandomTransformMin0": "aRing",
        "RandomVelocityMax0": "aRing",
        "RandomVelocityMin0": "aRing",
        "RandomColorMax0": "aRing",
        "RandomColorMin0": "aRing",
        "LifeTime0": "aRing",
        "IsBillboard0": "aRing",
        "Name1": "bCross",
        "TextureFilePath1": "bCross",
        "ParticleType1": "bCross",
        "RandomTransformMax1": "bCross",
        "RandomTransformMin1": "bCross",
        "RandomVelocityMax1": "bCross",
        "RandomVelocityMin1": "bCross",
        "RandomColorMax1": "bCross",
        "RandomColorMin1": "bCross",
        "LifeTime1": "bCross",
        "IsBillboard1": "bCross",
        "Name2": "cCylinder",
        "TextureFilePath2": "cCylinder",
        "ParticleType2": "cCylinder",
        "RandomTransformMax2": "cCylinder",
        "RandomTransformMin2": "cCylinder",
        "RandomVelocityMax2": "cCylinder",
        "RandomVelocityMin2": "cCylinder",
        "RandomColorMax2": "cCylinder",
        "RandomColorMin2": "cCylinder",
        "LifeTime2": "cCylinder",
        "IsBillboard2": "cCylinder",
        "Name3": "dCircle",
        "TextureFilePath3": "dCircle",
        "ParticleType3": "dCircle",
        "RandomTransformMax3": "dCircle",
        "RandomTransformMin3": "dCircle",
        "RandomVelocityMax3": "dCircle",
        "RandomVelocityMin3": "dCircle",
        "RandomColorMax3": "dCircle",
        "RandomColorMin3": "dCircle",
        "LifeTime3": "dCircle",
        "IsBillboard3": "dCircle"
    }
}
